query,esci_label,product_title,product_description,product_brand,query_id,product_id,intent,entities,timestamp,country,city,language,value_weight,confidence,brand,category,attributes,labelling_method
revent 80 cfm,I,Panasonic FV-20VQ3 WhisperCeiling 190 CFM Ceiling Mounted Fan,,Panasonic,0,B000MOO21W,commercial,{},,us,,us,,,"Ducane, Coleman, or any other home heating or AC brand",heating products or room air conditioners,"product size, capacity in terms of CFM (cubic feet per minute), features like reverse or oscillation",LLM
awnmower tires without rims,I,"RamPro 10"" All Purpose Utility Air Tires/Wheels with a 5/8"" Diameter Hole with Double Sealed Bearings (Pack of 2)","<b>About The Ram-Pro All Purpose Utility 10"" Air Tires Wheels Pack of 2.</b></p> <b>The Problem:</b><br> Your handtrucks tires are flat but why should you spend so much money to buy a compete new handtruck?</p> <b>Our Solution:</b><br> The Ram-Pro All Purpose 10"" Air Tires Wheels that will replace and fit your hand truck old tires properly with very easy installations and will be even better and more comfortable than the originals.</p> <b>Double Sealed Bearings:</b><br> The Double Bearings will help to balance your loud evenly thereby make you push lass and easier.</p> <b>Sporty Raised Grips:</b><br> The Sporty Look Raised Grips will help you get an extreme smooth drive while giving you a easy grip on almost all type of surfaces.</p> <b>Ready To Install:</b><br> No need to install the tire into the rim or inflating the tire or installing the hob or bearings etc. everything is assembled ready to use.</p> <b>Size Checking:</b>.<br> Make sure to check your axel size it should match the bearing size from the Air Tire Wheels before buying to avoid any mistakes and inconveniences.</p> <b>How To Install:</b><br> Just slide the wheels onto the axle and with the ends of the axle (clips, nuts or cotter pins) keep the wheels from falling off.</p> <b>Easy Installation:</b><br> All you have to do is just taking off the old ones and slide in the new ones and closing them with clips, nuts or cotter pins and they are installed ready to work properly.</p> <b>Use for:</b><br> Lawn Mowers<br> Yard Wagons<br> Air Compressors<br> Power Washers<br> Hand Trucks<br> Child's Wagons<br> Shopping Carts<br> Wood Chippers<br> Snow Blowers<br> Dolly’s<br> Go Carts<br> Golf Carts<br> Tricycles<br> Etc.</p> <b><i>Without Wheels It’s Not Moving</b></i>",RamPro,1,B075SCHMPY,commercial,{},,us,,us,,,awnmower,tires,"tires, without, rims",LLM
qscreen fence without holes,I,"FOTMISHU 6Pcs Greenhouse Hoops Rust-Free Grow Tunnel Tunnel, 4ft Long Steel with Plastic Coated Plant Supports for Garden Fabric, Plant Support Garden Stakes","<p><b>Description:</b><br><b>Material:</b>plastic coated steel pipe<b>Size</b>Length 120 (the size before bending), width 50 * height 48CM(The size after bending)<b>Weight:</b> 720g<b>Color:</b>green<b>Packing includ:</b>6pcs hoops/bag<b>Product Usage:</b><br>1, can be used for the traction of Tomatoes vine, vines and some natural climbing plants. with support<br>2, can be used as a support for the greenhouse<br>3, Garden Hoops provide convenience for your garden plant work<br><b>Features:</b><br>1, unique and handsome in appearance<br>2, good material, strong antioxidant capacity<br>3, green and health.<br><b>Installation steps:</b><br>►Gathering all materials<br>►Bend the hoops<br>►Outline Your Low Tunnel Greenhouse<br>►Put Your Hoops in Place<br>►Tie a Ridgeline<br>►Time to Place the cover<br>►Tie Down the Ends with pins<br>►The distination between 2 hoops should be less than 23.6 inches",FOTMISHU,2,B07D7TBSGH,commercial,{},,us,,us,,,Qsee,Fence,"wireless, screen, fence, without, holes",LLM
 10 self-seal envelopes without window,E,"BAZIC Security Self Seal Envelope 4 1/8"" x 9 1/2"" 10, No Window Tint Pattern Mailing Envelopes, Peel & Seal, Office Checks Invoices (30/Pack), 1-Pack","<p><strong>BACK TO BAZIC</strong></p> <p>Our goal is to provide each customer with long-lasting supplies at an affordable cost. Since 1998, we’ve delivered on this promise and will only continue to improve every year. We’ve built our brand on integrity and quality, so customers know exactly what to expect.</p> <p><strong>COMMITTED TO VALUES</strong></p> <p>We are a value-driven company, guided by the principles of excellence through strong product design at low cost. Our commitment to these values is reflected in our dedication to improving current products and developing new exciting products for our consumers. We thrive on imagination, passion and leadership. We have great products and will to continue to rise with our customer expectations.</p> <p><strong>SUCCESS BASED ON SATISFACTION</strong></p> <p>Headquarters in Los Angeles, California, United States. Each and every product we send out, we expect our 100% customer satisfaction. Our success stems from individual consumer fulfillment. We create products that people want to recommend to others.</p>",BAZIC Products,5,B07RP3F2LW,commercial,{},,us,,us,,,none,office supply,"self-seal, envelopes, without window",LLM
 2 pencils not sharpened,E,"Rarlan Wood-Cased 2 HB Pencils, Pre-sharpened, 200 Count Classpack",200 2 hb pencils classroom bulk pack,Rarlan,6,B082CLHSPD,local,{},,us,,us,,,none,office supplies/stationery,"2 pencils, not sharpened",LLM
 cellist thats not a hashtag,E,Funny Cellists That's Not A Hashtag Music Sweatshirt,,BW Cellists,7,B096LZW7J1,informational,{},,us,,us,,,none,music,"cellist, musician, instrumentalist",LLM
 do not disturb,E,"Office Privacy Sign,Do Not Disturb/Please Knock/Out of Office/in a Meeting Sign, Non-Scratch Magnetic Privacy Door Sign That Lets Others Know Whether You're Available Or Not(5 inch,Black)",,LoYinLo,8,B08LYWY4X6,local,{},,us,,us,,,,,"do not disturb, notification, silence, mute",LLM
 mom life,E,Waldeal Embroidered Mom Life Vintage Adjustable Baseball Cap Cotton Denim Dad Hat Black,"Embroidery washed dyed/twill cotton cap, Low profile, Unstructured hat with embroidered logo, they have a clean fit, and with proper poise will allow access to country clubs and sailboats without so much as a passing glance. The washed twill cotton baseball cap is an indispensable part of every woman's man's wardrobe. Adjustable metal buckle customized fits most adult head size, dimensions: Hat Height: 9cm/3.54"", Hat Along: 7cm/2.76"", Head Circumference:55-60cm/21.6""-23.6"".",Waldeal,9,B07L4383XR,local,{},,us,,us,,,none,family/personal/lifestyle,"mom, life, motherhood, family, everyday, parenting",LLM
 sharp not hashtag shirt,E,This Is A Sharp Not A Hashtag Teacher Gift T-Shirt,,Teacher Gifts CG Tees,10,B07Q9SN2PP,transactional,{},,us,,us,,,sharp,shirts,"color, style, type, price, product name",LLM
1 best and not expensive bath back brush cream color,I,BS-MALL Makeup Brush Set 18 Pcs Premium Synthetic Foundation Powder Concealers Eye shadows Blush Makeup Brushes with black case (Champagne Gold),"BS-MALL Makeup Brushes Provides Assortment of Makeup Brushes - Kabuki, Foundation, & EyeShadow Brushes; Lip Liner, Blush & Powder Brushes. Shop BS-MALL's array of makeup brushes, cosmetic tools and applicators to ensure perfect results. Find beauty tools for face,eyelashes, eyebrows and more. Our makeup brushes have bold handle for easy use. Highest quality material, high density bristle, high quality Synthetic fiber hair,Does Not SHED. 6 steps to clean makeup brushes: 1.Run the bristles under lukewarm water. Don't use hot water, as the heat may damage the bristles. 2.Pour some baby shampoo to the water. Add 1 teaspoon of baby shampoo into the cup and still gently to combine.If you do not have baby shampoo, use liquid Castile soap instead. 3.Dip the brush into the mixture and swirl. Only the bottom half of your brushes' bristles should be swirled in the mixture to avoid water traveling up the handle. 4. Rinse the bristles under lukewarm water. 5. Pat the bristles dry, then reshape them. 6. Let the brush air dry, then fluff it with your fingers.",BS-MALL,11,B07MH1KHJ2,commercial,{},,us,,us,,,none,home/grooming/personal,"best, not expensive, bath back brush, cream color",LLM
1 black natural hair dye without ammonia or peroxide,E,"L'Oreal Paris Excellence Creme Permanent Hair Color, 3 Natural Black, 100 percent Gray Coverage Hair Dye, Pack of 2",,L'Oreal Paris,12,B07D9P7S14,informational,{},,us,,us,,,none,haircare/product,"natural, black, hair, dye, no, ammonia, no, peroxide, without",LLM
1 rated resveratrol supplement without tea leaves,E,ProHealth Longevity 1000 mg Trans Resveratrol Plus 420 mg Certified Organic Polyphenol Complex That Improves Absorption up to 1544%,"Regular resveratrol is composed of 50% trans-resveratrol and 50% cis-resveratrol; research suggests that only the trans-form has valuable biological activity. Therefore, ProHealth's Trans-Resveratrol delivers 1000mg of pure, natural trans-resveratrol per serving. Organic co-factors and BioPerine included in this formula can improve absorption & C-max blood levels up to 1544%. ** Herbal products such as this are likely to have minor color variation from batch to batch because of the geographical and seasonal variations of the raw material.",ProHealth,13,B083F5WC2P,commercial,{},,us,,us,,,none,health and wellness,"resveratrol supplement, tea leaves, top rated, best, without",LLM
1 selling shoes for men without shoeleases,E,"Skechers mens Cessnock Food Service Shoe, Black, 12 US",,Skechers,14,B07FBGMW49,commercial,{},,us,,us,,,none,shoes for men,"without sales, selling, number 1, men's shoes",LLM
1 small corded treadmill without remote control,E,"BiFanuo 2 in 1 Folding Treadmill, Smart Walking Running Machine with Bluetooth Audio Speakers, Installation-Free，Under Desk Treadmill for Home/Office Gym Cardio Fitness（Red）","<p><b>BiFanuo 2-in-1 Folding Treadmill</b></p> <p>BiFanuo 2-in-1 folding treadmill has 2 sport modes that can be used as a running treadmill and an under-desk walking treadmill.</p> <p></p> <p>Compared to ordinary treadmills, our 2-in-1 treadmill has 2 modes to meet your different sports needs. When the riser is folded, it can be used, so you can do other things while walking. When the handrail is raised, you can run to reach your fitness goal. With a powerful and ultra-quiet motor, this treadmill allows you to walk or run without disturbing others, making it ideal for home and office use. With a sturdy and durable steel frame and multi-layer shield design, it's shock-absorbing and noise-reducing, making your running quieter, safer, and more comfortable.</p> <p><br></p> <p></p> <p><b>Keeps you on the go</b></p> <p>Stay fit and healthy with the ultra-smart home trainer.</p> <p>This highly practical treadmill is perfect for your home free-installation, easy to use, and taking up almost no space at all, this smart home trainer is nevertheless equipped with all the cool features. Whether you just want to improve your stamina or aim for bigger fitness goals, the BiFanuo Treadmill is your faithful companion</p> <p><br></p> <p></p> <p><b>Ultra Slim</b>: Easy-Folding System (no assembly required)</p> <p><b>Easy to move</b>: Move the item with Transportation Wheels, Place the treamill wherever you wish.</p> <p><b>Bluetooth Function & High-performance Speaker</b></p> <p>Powerful Quiet Motor</p> <p>Non-slip & Shock-absorbing Running Belt</p>",Bifanuo,15,B08DRQKTZD,transactional,{},,us,,us,,,none,fitness equipment (treadmill),"small, corded, without remote control",LLM
10 cans applesauce,I,"WeeSprout Double Zipper Reusable Food Pouches (Blue, 3.4 fl oz)","Healthy eating made easy, convenient & fun Are you unsatisfied with processed foods and with other food pouch options? Want a fun way for your kids to enjoy eating healthy food? Tired of expensive and wasteful single-use food pouches? Struggling to fill and clean your reusable food pouches? Nature's Little Squeeze has been designed for you and your family. Kids of all ages have fun eating a variety of healthy foods you may 'hide' in our pouches. The reusable design allows you to prepare your own healthier food options. Try filling them with applesauce, smoothies, yogurt, baby food, fruit/veggie purees, etc. They are designed to be the easiest reusable food pouch to fill and to clean. Why our customers love our pouches. Extra wide zipper-opening makes filling and cleaning easy.When cleaning, water flows through the zipper opening and out the spout. There are no pesky corners to trap food. Pouches are top rack dishwasher friendly. For best results, rinse the pouches before loading in dishwasher. Fill and store extra pouches in the freezer. Strong, planet friendly materials allow for repeated use. Dual-zipper closure ensures against leaks. Contain no harmful materials. Pouches can be used again and again. Save money compared to disposable pouches. Packaging and pouches are recyclable. Click the Add to Cart button at the top of this page to start enjoying an easy, convenient & fun way to eat more healthily",WeeSprout,16,B07GLCFV1P,transactional,{},,us,,us,,,none,food,"10 cans, applesauce, applesauce in bulk",LLM
10 envelopes self seal,E,Mailing Envelopes Self Seal - 10 Security White Letter Businesses Envelopes -100 Peel and Seal Tinted Windowless 10 Envelope - Printer Friendly - Self Stick Bulk Envelops,"✉️ 100 ENVELOPE WINDOWLESS PACK - perfect choice for small businesses, home offices, and everyday use. <p></p> ✉️ TINTED SECURITY PATTERN - Windowless envelope with a secure, security tint-pattern to protect contents and sensitive information <p></p> ✉️ NO NEED TO LICK THE FLAP ANYMORE - SELF-SEAL adhesive strip creates a super secure seal across each envelope <p></p> ✉️ LASER AND INKJET PRINTER COMPATIBLE - Measuring 4-1/8 x 9-1/2 inches, fully compatible with most inkjet and laser printers for easy addressing <p></p> ✉️ HIGH QUALITY & BULK PRICING - 24lbs high-quality envelopes at a fraction of the price",Splendoress,17,B07R4TGNCF,transactional,{},,us,,us,,,none,stationery,"self-seal, envelope, size 10",LLM
10 envelopes without security tint,E,"ValBox 10x13 Self Seal Catalog Envelopes 150 Packs Large White Envelopes with Peel and Seal Flap for Mailing, Organizing and Storage","""About ValBox</br> </br> Engaged in producing envelopes, paper boxes and other home and office paper products supplies, ValBox is a direct-sale store of a paper products manufacture. We advocate the love and natural concept, insisting on using recycled material in the process of production. Hope ValBox can provide you, our valued customers, the high quality products and intimate service.</br> </br> ValBox 10x13 Inches Self-Seal Security Catalog Envelopes for Mailing, Organizing and Storage</br> </br> Item Type: 10 x 13 inches security catalog envelopes</br> </br> Package Included: 1 box, 150 packs</br> </br> Color: White</br> </br> Features: Self sealing, Strong flap adhesive, durable thicken kraft paper, larger size for important paper without folding, can be ran through laser or inkjet printer.</br> </br> These high quality 10 x 13 inches white catalog envelopes are perfect for storing magazines, important papers, certificates, books or mailing booklets, catalogs, brochures, multi-page documents and more. Strong self-adhesive have a long shelf life. Thicken kraft pater will also keep your contents safe and protect your privacy""",ValBox,18,B07PX9X51C,commercial,{},,us,,us,,,,stationery,"size, envelopes, no security tint, without security tint",LLM
10 standard no tint no window not self seal,S,"Office Deed 50010 Envelopes SELF SEAL Business Envelope Windowless Design, Security Tint Pattern for Secure Mailing, Invoices, Statements & Legal Document, 4-1/8 x 9-1/2 Inches","Office Deed 10 Security self seal Envelopes are designed for convenience, reliability and security. These are made from high-quality 24-lb white wove. Wove finish adds a professional touch. Envelopes designed to Protect confidential client information with our security tinted envelopes. The blue tint pattern makes impossible to see the details of the contents, even when held up to the light. Mail invoices, statements and other important documents with confidence. The woven finish gives them a neat appearance and professional appearance. The gummed flap provides for quick and easy sealing. The box contains 500 individual white business envelopes.",Office Deed,19,B0797PN46S,commercial,{},,us,,us,,,none,window film or tint,"standard, no tint, no window, not self seal, product specifications or features",LLM
10 window envelopes not self seal,E,"Self Seal Double Window Security Envelopes (10 - Box of 500), for Invoices, Statements and Legal Documents (4 1/8"" x 9 1/2"")","<p><b>Save Time and Money with The GSM Office 10 Self Seal Double Window Envelopes</b></p> <p>It can be a pain to send invoices, statements or legal documents through the mail with normal envelopes. You must either use a standard envelope and spend time addressing the envelope, or struggle with getting the correct address details to line up to show through the envelope windows. Our envelopes are specifically designed to fit most standard printed invoice, statement and legal document layouts, allowing the sender and receiver addresses to be seen while hiding the contents.</p> <p><b>High Quality Construction</b></p> <p>Our self seal double window envelopes are made to high quality standards with the following specifications:</p> <p>10 Envelopes with 4 1/8 inch width and 9 1/2 inch length.</p> <p>Double window design to accomodate most printed invoice, statement and document layouts (see the product pictures for exact design specifications).</p> <p>Made with 26 lb white paper and a blue woven security pattern.</p> <p>Uses a strong adhesive peal and self seal that does not require moisture to seal.</p> <p>Comes in a convenient box of 500.</p> <p><b>Money Back Guarantee</b></p> <p>These self seal double window envelopes come with our money back guarantee. If the envelopes fail to live up to your expectations, simply return them for a full refund.</p>",GSM Brands,20,B079H6L3CK,transactional,{},,us,,us,,,,office supplies/envelopes,"window envelopes, not self-seal, #10, envelopes for mail",LLM
10 window envelopes without plastic,E,"Office Deed 500 10 Self Seal Double Window Security Envelopes-Designed for Business Statements, Quickbooks Invoices, and Return Envelopes 4 1/8 X 9 ½’’","Office Deed 10 Double Window Security self seal Envelopes are designed for convenience, reliability and security. These are made from high-quality 24-lb white wove. Wove finish adds a professional touch. Envelopes designed to Protect confidential client information with our security tinted envelopes. The blue tint pattern makes impossible to see the details of the contents, even when held up to the light. Mail invoices, statements and other important documents with confidence. The woven finish gives them a neat appearance and professional appearance. The gummed flap provides for quick and easy sealing. The box contains 500 individual white business envelopes.",Office Deed,21,B07C28VWVN,commercial,{},,us,,us,,,none,stationery office supplies,"window envelopes, without plastic, size #10",LLM
11 mrs. kormel is not normal,I,Liquid I.V. Hydration Multiplier - Lemon Lime - Hydration Powder Packets | Electrolyte Drink Mix | Easy Open Single-Serving Stick | Non-GMO,,Liquid I.V.,22,B01IT9NLHW,informational,{},,us,,us,,,"Squidward's pet store or a local school (Kormel possibly being a name, possibly a location name like Kormel or Korwel) or  Mrs. Kormel possibly being a name of a character from Squidward",education or pet store,"unusual/ not normal, Mrs. Kormel",LLM
12 black boys chain necklace without baseball stitches,E,American Football Rugby Athletes Jersey Number 12 Stainless Steel Pendant Necklace for Boys Girls Women Men 24 Inch Chain,"<p> <br><b>★Welcome to Rehoboth Jewelry Company<br>We provide best service,100% satisfied sold out service.<br>We promise that we use Factual description and Real photo.Please take care about the jewelry size when you purchase. <br>Beautifully engraved Football Athletes Jersey Number Pendant Necklaces.An inspirational from Number,Nice Show of Your Unique charm.<br>Exquisite gift box packing,More suitable Birthdays,Graduation,New Year’s Day,Mother’s Day,Fathers Day,Easter,Halloween,Thanksgiving,Christmas,Football Coach or Team Gift,Communion or Christening Gift.Unique and Inspiring gift for Christmas or any other special occasion or celebration.This fine necklace also makes a great conversation piece.<p> <br><b>Why choose us?</b> <br><b>★About Rehoboth </b> <br>Rehoboth Jewelry are mainly engaged in all kinds of stainless steel,titanium steel jewelry.Including bracelets,Rings,earrings,pendants,necklaces etc.Our products are fashion,high-quality and affordable.Any concerns,you can post it in the part of ""Customer Questions & Answers"" below the page,you will get the answer by us or buyers.<br>Advantage of Stainless Steel:Stainless steel jewelry is perfect for those who prefer the silver color but dislike the discoloration properties of silver and it is less expensive then white gold.Stainless Steel is robust and will not tarnish or rust easily,it is high temperature corrosion-resistant and able to maintain long-term wear shiny and smooth,So it is ideal for long-lasting jewelry designs.<p> <br><b>★Warm tips:</b> <br>※Avoid any touch with cosmetics,perfume,hair gel etc acidity substance,there will be chemical reaction. <br>※Take off when swiming,because it will be oxidized if touch with chloride in the pool.<br>※It is recommended to wipe them with a soft cloth,like cotton or flannel.",Rehoboth,23,B07Y1YQ9YS,transactional,{},,us,,us,,,none,jewelry/accessories,"#12, black, chain, necklace, without, baseball, stitches",LLM
14 x 1-1/2 stainless self tapping,E,10 x 1-1/2'' Hex Washer Head Self-Drilling Tek Screw Zinc Plated Steel for Attaches Sheet Metal Steel or Steel to Metal - Box of 100,"<b>Hex Washer Head Self-Drilling Screw 10 X 1-1/2'', Zinc-Plated Steel</b><br> For use in Sheet Metal Steel, Attaches Metal to Metal. RoHs Compliant <br><br> <b> Packaged box of 100 pcs.</b><br> 10 x 1-1/2'' Screw<br><br> <b> PRODUCT FEATURES:</b><br> Hex Washer Head distributes holding pressure to thin metal.<br> Use these screws to secure metal to metal.<br> Save Time and Effort by drilling their own holes and fastening in a single operation.<br> Made from Steel, they have a Zinc Plating to resist corrosion in weather environments.<br> <br><br> <b> SPECIFICATIONS:</b><br> 10-16 Thread x 1-1/2"" Long, Hex Head <br> Material: Zinc-Plated Stainless Steel <br> Drill Capacity: 0.035'' to 0.100'' <br> Drill Speed: 2500 RPM <br><br> Meets ASTM C 1513 for cold-formed steel framing connections <br> Meets F.I.P.-1000.7 for torsional strength & drill speed <br> Meets SAE J78 for Performance & Dimensional Specifications <br> Meets ASTM A 510 for carbon steel manufacturing <br> Meets ASTM F1941 for corrosion resistance <br><br><br> <b> SCREW DIMENSIONS:</b><br> Diameter: 10 (0.190'') <br> Length: 1-1/2'' <br> Head Diameter: 5/16'' <br> Head Height: 0.151'' <br> Flange Diameter: 0.414'' <br> Drill Tip Length: 1/4''<br><br><br> <b> HIGH QUALITY - 100% Satisfaction Guaranteed</b>",Strong-Point,24,B07B8TMV2Y,transactional,{},,us,,us,,,,hardware,"stainless, self-tapping, x 1-1/2, 14",LLM
15 charm,S,"PH PandaHall 150pcs 15 Styles Tree Leaf Charms Pendants, Tibetan Branch Leaves Charms Beads for DIY Earring Bracelet Necklace Jewelry Making, Antique Bronze","</br>Description:</br> 100% brand new and high quality</br> Great DIY accessories for your necklaces, bracelets, earrings and other fashion accessories making</br> Giving your designs a professional touch</br> Material: Alloy</br> Color: Antique Tibetan Bronze</br>Specification:</br> Size: about 16~38mm long, 7~28mm wide, 1~4mm thick</br> Hole Diameter: 1~2.5mm</br> Box Size: 14x10.8x3cm</br>Package Includes:</br> 150 x Leaf Charm</br> 1 x Plastic Box</br>Note:</br> Please be reminded that due to lighting effects, monitor's brightness / contrast settings etc, there could be some slight differences in the color tone of the pictures and the actual item. Also please allow a slight difference in size which may be caused by manual measurement.",PH PandaHall,25,B07DFHQ6KY,informational,{},,us,,us,,,Charm,beauty/personal care,"15, charm",LLM
2 dixon oriole pencils not sharpened,S,Hex Pencils (Full Size Hex Pencil with 2 Lead Available in a Variety of Colors) (Tested Non Toxic) (Latex Free Eraser) (Classroom Pencils) (Bulk Box of 144) (Matte Black),"High quality hex pencils that are the ideal writing utensil. Strong number 2 lead draws with a dark line and does not need to be sharpened often. Quality erasers that glide over the page while easily removing unwanted marks. These pencils are test and approved non-toxic. These pencils are sure to please and are great for score keeping, pews giveaways and much more.",Alpne Glow Products,26,B06VSJ9LZ6,transactional,{},,us,,us,,,Dixon Oriole,pencils,"price, condition, unsharpened",LLM
2 pencils,E,"Wood-Cased 2 HB Pencils, Yellow, Pre-sharpened, 16 Packs of 12-Count, 192 pencils in box by Madisi","<p><b>Bulk Pack</b></p> <p>16 boxes of 12 2 HB pre-sharpened pencils each, total 192.</p>",Madisi,27,B07FV9P5D1,transactional,{},,us,,us,,,none,school supplies/offices,"stationery, graphite, pencils, art",LLM
2 pencils with erasers sharpened not soft,E,"SKKSTATIONERY Half Pencils with Eraser Tops, Golf, Classroom, Pew - 2 HB, Hexagon, Pre-sharpened, 96/Box.","S K K is a leading manufacturer of school, home and office supplies, with SKKStationery registered in U.S.A. We export worldwide. We own manufacture in China and Malaysia. Half Pencils with Eraser Top, 4"" Hexagon, 2 HB Lead, Sharpened, 96/Box. Ideal for Score Keeping, Pews, Classroom, Parties, Events, Anywhere. Pencils Made from High-quality Wood for Clean, Easy Sharpening. Soft, Smudge-free, Latex-free eraser Secured to End for Conveniently Wiping Away Mistakes.",SKKSTATIONERY,28,B078K6FRD6,commercial,{},,us,,us,,,none,stationery/office supply,"2 pencils, with erasers, sharpened, not soft, sharp",LLM
2 pencils without erasers,E,Nikola Works Classic American Standard 2 HB Mini Golf Pre-Sharpened Pew Pencils Without Erasers Hex Shaped Bulk 384 Count,"3 4 Don’t let their Wooden Design or Miniature Size make you think they’re Cheap there’s Big Quality in a Small package. This is one of those Little Deals you won’t want to miss. Pick up one of these Bluk packs for a sturdy Pencisl that won’t let you down. These are Half Size as a normal Pensils and are primarily used for Gilf or Minigolf, but don’t let that Tiny detail sway you form a great deal. You don’t have to go Golfing to want to use these, they’re Sized perfectly for anyone to use anywhere. The great thing about a Pensil is even if you’re Writing and the tip has a break, you can grab your Sharpener and get back to work easy as that. The Lead may break but that’s a small price to pay for a natural wood writing tool. These can be left or right Hand grip these stubby Tinny tools fit easily in your pocket. These Shapened Pen Cils are a great gift for the golfer in your life, use them for putt Pu, Miniture, or classic Golf, and eve disk golf, nut there are so many other uses. The Wholesale Lots Pack is Perfect For Back to School, Teachers Classpack, Schools, Museums, for the College, Office Supplies, as a Promotional Item a Gift or the Library. They’re Great for Baby showers., Bridal shower, bachelor Party, keep Score at Party Games, use them at the Silent Auction, lend them to a Friendly neighbor, or fill out a survey, use them for Bingo or in the Church Pew. If you’re a Substitute School Teacher you can bring them to your Classroom to give to the Class. If you travel a lot they’re compact and great for the traveler to Pack with them when they’re on the move. These are great for your Kid to use when they want to make a craft because they’re a much easier Grip in their Small Soft Hand and Kids love the short Stubby look. These can be Customized for your child without getting too Expensive, just get additional add on Eraser for a fun look",Nikola Works,29,B07R3F2MH4,transactional,{},,us,,us,,,none,stationery/pens,"pencils, without erasers, -#2 pencils",LLM
20 paper bags without handle,E,30 Pieces Small Colored Paper Gift Bags Party Favor Bags Assorted Colors (Rainbow Without Handle),"<p><strong>30 Pieces Small Colored Paper Gift Bags Party Favor Bags Assorted Colors (Rainbow Without Handle)</strong></p> <p>Size: 9.1 x 5.1 x 3.1 inch environmental paper bag.</p> <p>5 pcs for each color: Red/orange/yellow/green/blue/purple..</p> <p>These colorful bags is perfect for lunch bags, birthday party treat bags, goodie bag, party bag, gift bag, party favor bag, wedding bag, retail bag and more.</p>",My Party Time,30,B083LKWCNR,commercial,{},,us,,us,,,,paper products,"without handle, #20, paper bags",LLM
3 metal zipper slider not made in america,S,"YKK Zipper Repair (not KIT) 1 x Pull for Jeep Wrangler 10 Coil Nylon top Zipper Long Pull Rear Window, Top, Side/Back TJ and JK Model viteao","can be used FOR JEEP WRANGLER 10V pull/SLIDER SOFT TOP /WINDOW... FITS JEEP MODELS: all MODELS ... FIX YOUR WINDOWS IN SECONDS .... NO SEWING REQUIRED.... THE MOST COMPLETE repair KIT AVAILABLE ANYWHERE .... This Kit is for ONE x 10V SLIDER with ONE PULL.... can be used to repair: JEEP soft top, or rear window, or rear side windows. .... . Installs in seconds, included parts and easy to follow instructions. .... KIT INCLUDE:- 1 x 10V YKK one pull SLIDER .... ship to: MAINLAND USA ONLY …...The ONLY 30 yrs. official YYK seller on AMAZON.........YKK is a registered Trademark of YKK corporation",VITEAO,32,B084M5MB6C,informational,{},,us,,us,,,,accessories/zipper/slider,"made in america, metal, 3, slider",LLM
4 braiding hair not stretched,S,"jiefeng 8 Bundles Pre stretched Braiding Hair Extensions for Women 26 Inches Yaki Texture Professional Crochet Twist Braids Hair Synthetic Hair for Braids (20'', black to red)","<p>They are so beautiful braiding hair, so shiny, so colorful, so natural. </p> <p>It’s made with low temperature, flame-retardant, heat-resistant top quality Kanekalon. </p> <p>It’s friendly to your scalp.</p> <p>The hair is definitely healthy, definitely no tangles, no itch. </p> <p>You can braid through out without constantly pulling on knots.</p> <p>It can save you from braiding tangles and make your braid fast, enjoyable and pleasant.</p> <p>You can change the Pre-stretched braiding hair styles very easily. The length of 26 inch is enough for you to make complex styles such as faux locs, nu locs or box braids etc.It supports hot water setting. </p> <p>So buy this hair, start to enjoy your braiding trip</p> <p>Hair Weight:90g/Bundle</p> <p>Hair Length:26 inch</p> <p>Hair Color:Silver Gray</p> <p>Package:8 bundles braiding hair </p>",jiefeng,33,B08R3T19MS,informational,{},,us,,us,,,none,beauty/grooming/hair care,"braiding, hair, not stretched",LLM
4 pads without wings,E,"Always Ultra Thin Pads Without Wings, Unscented, Long Super 40 ea (Pack of 4)",,Always,34,B01IAIA95O,commercial,{},,us,,us,,,"Hewlett-Packard, HP (due to HP's product line called HP Pads)",tablets,"pads, without, wings, product type (assuming pads without wings are HP's HP pads), product without wing attachment",LLM
5 coil zipper without lock,I,"3 Nylon Coil Zippers by The Yard Long Zippers for Sewing,Silver Zipper Teeth 10 Yard with 20PCS White Tape White Gold Slider-VOC Zipper for Tailor Crafts(White Tape)","3 Nylon Coil Zippers by The Yard Long Zippers for Sewing,Silver Zipper Teeth 10 Yard with 20PCS White Tape White Gold Slider-VOC Zipper for Tailor Crafts(White Tape) PRODUCT DIMENSION: 3 teeth-4 tape wide and special cut easy for sewing nylon coil zippers by the yard bulk.Can be applied for home sewing uesd and arts crafts. QUANTITY: Package 10 yards zipper roll with 20 beautiful and strong matched no-locking sliders. COLORS:black tape,shiny siver plated and polished slider and pullers MATERIAL: Our nylon coil zippers are made of good quality nylon, thicker zippers tape and good quality metal zippers puller,and are certified by international inspection, which is durable and sturdy to use. WIDE APLLICATION: These nylon zippers can be used for costume designing, pillow cases, boutique accessories or other handicraft, also can be applied for fixing or sewing slacks, skirts and dresses, bags, pet clothes.",VOC voice of customer,35,B089T58KHN,informational,{},,us,,us,,,,zipper,"#5 coil zipper, without lock",LLM
5 machine screws,I,"5/16""-18 X 2"" Stainless Phillips Round Head Machine Screw, (25pc), Coarse Thread, 18-8 (304) Stainless Steel, by Bolt Dropper","<p>Bolt Dropper hardware is perfect for use near salt water, fresh water and other projects.</p> <p><strong>TOP QUALITY:</strong></p> <ul> <li>Rated for both indoor and outdoor use.</li> <li>Superior corrosion resistance to regular plating, made with 18-8 (304) Stainless Steel.</li> </ul> <p> </p> <p><strong>VALUE:</strong><br />Get the most out of your purchase We offer different size packages so you won't have to worry about running out of hardware in the middle of your project. Bolt Dropper hardware is more corrosion resistant and stronger than other hardware and we stand by our claim 100%.</p> <p> </p> <p><strong>SPECIFICATIONS:</strong></p> <ul> <li>Diameter: 5/16""</li> <li>Length: 2""</li> <li>Thread Type: Coarse </li> <li>Threads Per Inch: 18</li> <li>Quantity: 25 pcs</li> <li>Material: 18-8 (304) Stainless Steel</li> </ul> <p> </p> <p><strong><br />WARRANTY:</strong><br />Bolt Dropper hardware come with a 100% Satisfaction Guarantee, if you have any problems we will replace them free of charge</p>",Bolt Dropper,36,B07D1L792M,transactional,{},,us,,us,,,none,fasteners,"machine screws, size #5",LLM
5 orb to not fitting,I,BLACK 6AN AN-6 to M14x1.5 NPT Male Thread Straight Aluminum Fitting Adapter,<p>Application</p> <p>Universal Fits All Oil/ Fuel/ Water/ Fluid/ Air Line or Gauges with 6-AN Ends</p> <p>100% Brand NEW</p> <p>Made of high quality lightweight T6061 Aluminum</p> <p>Anodized finish for strength and durability</p> <p>2-way Heads</p> <p>Size AN-6 to M14x1.5 NPT</p> <p>Exactly Same as the Picture</p> <p>Professional Installer Is Highly Recommend(No Instruction Included)</p> <p> Interchange Parts Number:</p><p>Vehicle Fitment Information</p>,EMUSA,37,B07HY5ZJZ5,informational,{},,us,,us,,,,Orb,"Not fitting, Fifth",LLM
5 pull cord,S,OTOHANS AUTOMOTIVE Recoil-Starter-Pull-Start Assembly for Honda-GX120 GX160 GX200 Engine 4HP 5.5HP 6.5 HP (Steel Rod Paws) 28400-ZH8-013YA Generator Mower,"<p>Recoil Starter for HONDA GX120 (4HP) Gx160 (5.5HP) GX200 (6.5HP) Engine</p> <p>Replace part number: 28400-ZE1-003ZF, 28400-ZH8-013YA</p> <p>Features:</p> <p>Fits HONDA GX120 GX160 GX200 models</p> <p>Used on 4HP 5.5 HP 6.5 HP engines</p> <p>Red color, metal material, Round metal pawl type</p> <p>Package list:</p> <p>1x Recoil starter</p> <p>NOTE: There are 3 different recoil starter for GX120 GX160 GX200 generator, please check it carefully before you buy it, thanks.</p>",OTOHANS AUTOMOTIVE,38,B081L2QGBW,informational,{},,us,,us,,,,,"pull cord, fifth",LLM
5 zipper tape without pulls,S,Nylon Coil Zippers 5- Long Zippers by The Yard Gunmetal Metallic Teeth- Sewing Zipper Bluk Black Tape with 20PCS Slider-VOC DIY Zipper for Tailor Sewing Crafts 10 Yards(Black Tape),"We are committed to providing customers with satisfactory zippers. The Long Zippers is Nylon zipper tape, but has the metallic looking. So the zippers have the advantage of nylon coil zipper (like zipping smoothly, light weight, easy to sew, etc), also has the nice metallic looking as metal zippers. You can cut the zipper chain with any length for your favorite bags and other projects meet your unique needs.Practical and durable，Make your own size，Wide applications，Zip open & close smoothly，Easy to use, makes your project more shining, makes your sewing and fun",VOC voice of customer,39,B082SQY8RQ,transactional,{},,us,,us,,,none,textiles or packaging,"zipper tape, without pulls, #5, size",LLM
6 fishing hook without barb,E,Clouser Minnow Fishing Flies - Yellow & Brown - Mustad Signature Duratin Fly Hooks - 6 Pack (Assortment),"The Clouser Minnow is an extremely effective baitfish pattern used in both fresh and saltwater. Originally designed for bass, the fly has gained popularity in all waters. Just about every species of fish eats baitfish so this is a great fly if you don’t know what to tie on or what species you might encounter. I have seen everything from a 8” trout to a 100 lbs tarpon eat this fly. Region’s premium Clousers are tied on Mustad Duratin Signature fly hook with premium materials and lead eyes. The hook is extremely durable so it can be fished in saltwater. Our Crystal Clouser Minnow also has lots of white and flash to attract your prey. Our assortment comes with 3 flies from each of the two hook sizes all in the same pattern and color. Mustad Signature Duratin Fly Hooks Hand tied by qualified professionals Premium materials More on The Mustad Signature Hooks: The 2X extra heavy wire Saltwater Streamer hook is a classic O’ Shaughnessy style hook, suitable for a wide range of bonefish flies such as Crazy Charlie’s, Clousers, Redfish and Permit patterns, but also for traditional fish imitation patterns using Mylar tubing. The straight eye gives the fly a more natural swimming action when stripped in. The Mustad Signature fly hooks feature unique sharpness and strength. The hook features a 1X extra long shank and Duratin finish for maximal corrosion resistance. Developed in cooperation with the world´s top fly tiers to exact proportions between, gap, bend, wire diameter and shank length for precise scaling unmatched by others. Micro barb can easily be pinched down without damaging the hook for barbless applications. Chemically sharpened, Nor-Tempered high carbon steel.",Region Fishing,40,B07ZQQKF7D,transactional,{},,us,,us,,,none,fishing hooks,"without barb, #6 size",LLM
68 do not fuplicate key,I,Personali-Key Ilco Gears Shape Kwikset KW Key Blank,Ilco Gears Shape Personali-Key Kwikset KW key blank. Image is painted on both sides of key blank. Fits Kwikset KW1/KW10/KW11 keyway locks.,Personali-Key,41,B074FJVKSW,transactional,{},,us,,us,,,MongoDB,database error,"error, fuplicate key, mongoDB error, 68 error code",LLM
8 merchandising tags without string,I,"Hang Tag String Black 7"" 1000Pcs Nylon Snap Lock Pin Loop Fastener Hook Ties Easy and Fast to Attach by Renashed","<b>Pack Include:</b><br> 1000 Black Nylon Hang Tag Fasteners with Plastic Lockers.<br><br> <b>- Perfect Fastener choice for gift tag , hang tag , price tag. to attach tags to garment, purse, shoes, belt, luggage.</b><br> <b>- String locker mechanism make locking easily to save your time.</b><br> <b>- Toys luggage ,gift or any machine parts or where secured tags required.</b><br>",Renashed,42,B078H2722X,informational,{},,us,,us,,,string,merchandising,"without, string, #8, tags",LLM
8 phillips head wood screws,S,"14 X 2"" Stainless Oval Head Phillips Wood Screw (25pc) 18-8 (304) Stainless Steel Screws by Bolt Dropper","<p>Bolt Dropper hardware is perfect for use near salt water, fresh water and other projects.</p> <p><strong>TOP QUALITY:</strong></p> <ul> <li>Rated for both indoor and outdoor use.</li> <li>Superior corrosion resistance to regular plating, made with 18-8 (304) Stainless Steel.</li> </ul> <p> </p> <p><strong>VALUE:</strong><br />Get the most out of your purchase We offer different size packages so you won't have to worry about running out of hardware in the middle of your project. Bolt Dropper hardware is more corrosion resistant and stronger than other hardware and we stand by our claim 100%.</p> <p> </p> <p><strong>SPECIFICATIONS:</strong></p> <ul> <li>Diameter: 14</li> <li>Length: 2""</li> <li>Thread Type: Coarse (standard)</li> <li>Quantity: 25 pcs</li> <li>Material: 18-8 (304) Stainless Steel</li> </ul> <p> </p> <p><strong><br />WARRANTY:</strong><br />Bolt Dropper hardware come with a 100% Satisfaction Guarantee, if you have any problems we will replace them free of charge</p>",Bolt Dropper,43,B07D1L98GC,transactional,{},,us,,us,,,Philips,hardware/tools/screws,"8mm, phillips head, wood screws",LLM
8 tags without string,I,PH PandaHall 1000 Pcs 0.9x0.5 Inch Rectangle White Paper Tags Marking Strung Tags Writable Tags Display Label Price Tags with Hanging String for Jewelry Gift Sale Display,"<b> Specification: </b><br><br> Brand: PandaHall Elite<br> Material: Paper<br> Condition: Top quality, smooth, well polishing<br> Usage: Display label tags<br> Size: about 0.91""(23mm) in length and 0.52""(13mm) in width, toally about 1000pcs/set.<br> <br> ❤Marking tags are made of white paper card and offer a smooth writing surface for quick and easy labeling.<br> ❤Knotted string lets you add and remove tag easily without tying knots.<br> ❤You can get enough space for decoration or writing your name and message. <br> ❤Wide range of usage: you can write price, model or item number on these hang tags to manage your stock, and they are good for jewellery items, clothing display, shoes, stationery, exquisite arts and crafts, etc.<br> <br> <b>Note:</b> the picture shown is a representation of the item, you'll receive from the actual size items. Picture may appear larger on your screen. Color may vary slightly due to the color setting of each individual monitor. Please double check the sizes before purchasing. <br><br > <b>Customer Service: </b><br><br> If you have any problem of our product, you can click ""seller contact"" button in your Amazon account to email us. we would be delighted to help you and we will reply as soon as we can.",PH PandaHall,44,B0751KS4ZW,informational,{},,us,,us,,,none,none,"has hashtag, has number, specific context (8 tags), exclusion condition (without string)",LLM
82 jewelry box without cotton,E,Baoblaze 3pcs/Set Creative Wood Bamboo Case Jewelry Box Storage Organizer Christmas G - Red,"<p><b>Description:</b></p><p> - 100% brand new and high quality<br> - Material: Bamboo<br> - Fashion wood grain style, smooth and not to hurt hands<br> - Vintage wood beads button with strap design, great for gift choice and home decoration.<br> - Perfect for holding all kind of jewelries, trinkets and other small things.<br></p><p><b>Specification:</b></p><p> - Smallest One Size: Approx. 8 x 5.8 x 5 cm / 3.15 x 2.3 x 1.97 inch<br> - Middle One Size: Approx. 10 x 7.8 x 5.8 cm / 3.94 x 3.07 x 2.28 inch<br> - Largest One Size: Approx. 13 x 9.8 x 6 cm / 5.12 x 3.86 x 2.36 inch<br></p><p><b>Package Includes:</b></p><p>1 x bamboo box set（3pcs）<br></p><br><p><b>We have many years of experience in selling merchandise online, we are focus on providing best product and service to customers.</b></p>",Baoblaze,45,B07XSZFX8Q,transactional,{},,us,,us,,,none,jewelry box,"without cotton, jewelry box",LLM
"9x5"" wood screws",I,ThermoPro TP03B Termómetro Digital Cocina de Lectura instantánea Termometro Barbacoa para Carne Líquidos Alimentos Leche Aceite,,ThermoPro,46,B01IHHLB3W,transactional,{},,us,,us,,,3M (9x5 is a specific product line),fasteners/hardware,"wood screws, type #9, head type x5, specific product line",LLM
"do not disturb, jeidah bila",I,Dora's Womens Beach Floral Maxi Dress V-Neck Printed Unique Loose Summer Boho Dresses High Waisted Yellow,"<br><b>Material: </b>Chiffon <br><b>Feature: </b>Light Weight, Bright Color, Top a bit sheer and need a camisole<br><b>Collar:</b> Deep V Neck<br><b>Sleeve Type:</b> long sleeve & sleeveless <br><b>Dress Length:</b> A floor-length dress<br><b>Season: </b>Spring, Fall, Summer<br><b>Package Content: </b>1 Dress, 1 Waistband <br><br><b>Size Information:</b><br><b>L: </b>Bust 35.5""--------Length 57.5""--------Waist 31""<br><b>XL: </b>Bust 37""-------Length 58""--------Waist 32.5""<br><b>XXL: </b>Bust 38.5""-------Length 59""--------Waist 34""<br><br><b>We will be appreciated that you could contact us first when any problem in your order or products.</b>",lvenzse,47,B07PW4TZJF,local,{},,us,,us,,,jeidah bila,travel/service,"do not disturb, hotel/establishment",LLM
followme ultra soft velour robe without hood for men,E,"Yugo Sport Men's Plush Velour Bathrobe - Kimono Spa Hooded Robe (Medium-Large, Charcoal Velour)","<p><b>Experience true comfort the moment you step out of the shower with a plush men’s hooded bathrobe with built-in pockets from Yugo Sport. </b></p> <p>Looking for the best bathrobe to keep you warm and dry after a long, hot shower, soak in the hot tub, or relaxing steam in a sauna? Then you need the premium <b>Yugo Sport Luxury Men’s Bathrobe </b> designed to give you the soothing, breathable comfort you need. Crafted with a premium blend of cotton and polyester, our versatile men’s bathrobe offers a fashionable style and durable versatility you just won’t get with standard men’s pajamas or kimonos. Get the <b>Yugo Sport Luxury Men’s Bathrobe </b> today and see for yourself what loungewear is supposed to feel like. </p> <p><b>Product Details:</b></p> <ul> <li>Premium Cotton & Polyester Blend </li> <li>Kimono Style Bathrobe with Pockets </li> <li>Shawl Collar with Tie Belt </li> <li>Soft, Warm, Breathable Fabric </li> <li>Great for Home, Travel or Vacation </li> <li>Machine Washable </li> <li>Satisfaction Guaranteed </li> </ul> <p><b>Get a Yugo Sport men’s luxury bath robe for yourself or get one as a gift for Christmas Click ‘Add to Cart’ now to get one today. </b></p>",Yugo Sport,48,B077GCN995,commercial,{},,us,,us,,,none,apparel,"ultra soft, velour, robe, without hood, for men",LLM
hydrate not dydrate,E,"Hydrant HYDRATE Watermelonade No Added Sugar 30 Stick Packs, Electrolyte Powder Rapid Hydration Mix, Hydration Powder Packets Drink Mix, Helps Rehydrate Better Than Water",,HYDRANT,49,B08W9GF9HD,informational,{},,us,,us,,,none,health/beauty/personal care,"hydration, dry skin, skin health, hydration products, skincare advice",LLM
i am not chinese,I,Love Written in Vintage Chinese Character T-Shirt,,Ralph Lauren,50,B07RV7JV7Z,informational,{},,us,,us,,,none,none,"sensitive, cultural",LLM
i may not look like diesel decals,I,10 Things I Want In My Life Cars More Cars car t shirts T-Shirt,,car shirts for men,51,B07PLVM4KS,informational,{},,us,,us,,,Diesel,clothing/decals,"custom look, appearance, Diesel decals",LLM
metoo not you,I,50 Things They Don't Want You to Know,"<p><b>Breitbart.com editor Jerome Hudson delivers the red pills his listeners know him for, showing you the facts, statistics, and analysis that the mainstream media have worked so hard to hide.</b></p> <p>If you heard that one president deported more people than any other president, started the program of family separation, and did nothing to stop Russia’s election meddling, would you guess it was Obama?</p> <p>In <i>50 Things They Don’t Want You to Know</i> Jerome Hudson dives deeply into the things Americans are not supposed to realize. Many of our most hotly debate topics are shaped by Davos power brokers, woke college professors, TV talking heads, social media activists and feckless Washington swamp monsters who want you to only follow their narrative. </p> <p>Your teachers, your politicians, and your local paper are not likely to ever tell you:</p> <p></p> <ul> <li>Racial minorities fare far better in the absence of race-based affirmative action policies.</li> <li>Latinos make up a little more than 50% of the Border Patrol, according to 2016 data.</li> <li>The US settled more refugees in 2017 than any other nation.</li> <li>Between 2011 and 2016, the IRS documented 1.3 million identity thefts by Illegal aliens.</li> <li>Half of federal arrests are immigration-related.</li> <li>Welfare recipients in 34 states earn more than a person making minimum wage.</li> <li>Taxpayers doled out $2.6 billion in food stamps to dead people in less than two years.</li> <li>1,700 private jets flew to Davos to discuss the impact of global warming.</li> <li>Google could swing an election by secretly adjusting its search algorithm, and we would have no way of knowing.</li> </ul> <p>Once you’re done listening to <i>50 Things They Don’t Want You to Know</i>, you’ll never trust the powers that be to give you the whole truth again.</p>",,52,B07VC1G4L8,informational,{},,us,,us,,,none,awareness/activism,"movement, social, campaign",LLM
pinkandproud not sorry glitter lipstick,E,"Maybelline SuperStay Ink Crayon Lipstick, Matte Longwear Lipstick Makeup, Settle For More, 0.04 Ounce",,Maybelline New York,53,B07PGQDJ73,commercial,{},,us,,us,,,"glitter lipstick (implied, possibly from a brand such as Revlon or Maybelline)",cosmetics/lipstick,"pink, glitter, lipstick, not sorry",LLM
stuccoville life without a net,I,Echo Dot (3rd Gen) - Smart speaker with Alexa - Charcoal,,Amazon,54,B07FZ8S74R,informational,{},,us,,us,,,none,none,"local, adventure, community, thrill-seeking, exhilarating",LLM
this is not a truck decals,S,JR Studio 3x9 inch If You Can Read This I'm About HIT The Brakes Bumper Sticker -Tailgater Vinyl Decal Sticker Car Waterproof Car Decal Bumper Sticker,,JR Studio,55,B07RTNBV6D,commercial,{},,us,,us,,,none,decal,"truck, decals, not, this",LLM
try not to suck tshirt,E,Try Not To Suck Shirt Funny Baseball T-Shirt,,Chicago T-Shirts,56,B07P8GG6XP,transactional,{},,us,,us,,,t-shirt,clothing/apparel,"unisex, funny/humorous, gift idea",LLM
$0.00 not kindleunlimited,S,Blood in the Bayou: A Bone-Chilling FBI Thriller (FBI Agent Jade Monroe Live or Die Series Book 1),"On her first assignment since her promotion to SSA status in the Serial Crimes Unit of the FBI, Jade Monroe and her new partner, Lorenzo DeLeon, are tasked to southern Louisiana, where disturbing discoveries have been made. Human bones have been found in numerous sites deep in bayou country, and the locals aren’t too excited about having outsiders poking around in their business.<br><br>When Jade has a chance meeting with a local hunter, she finds his assistance exactly what she needs to break through that unwelcoming barrier. She brings him on board as their go-between. The hunter inserts himself into their investigation and gains Jade’s trust, but is he authentic, or does he have his own agenda?<br><br>A bone-chilling blindside and a dangerous chase through the Louisiana swamps is just the beginning, but the question remains—is Jade the hunter, or is she the one being hunted?<br><br><b>FBI Agent Jade Monroe Live or Die Series books are listed in chronological order below</b><br>1 Blood in the Bayou<br>2 Blood Trail<br>3 Blood Reckoning<br>4 Blood Legacy<br><br><b>Editorial Review</b><br>“Recently promoted to a new role within the FBI, Senior Special Agent Jade Monroe and her partner, SSA Lorenzo DeLeon, are sent to Louisiana to find out why fresh piles of human bones are showing up near the swamps. With plenty of suspicious locals, including a good old boy determined to help, this adventure lands Jade in her murkiest waters yet. A delicious start to a promising new series.” Angela M., Line Editor, Red Adept Editing",,57,B0926VH8DK,local,{},,us,,us,,,Amazon,books,"price, not free, not Amazon Kindle Unlimited",LLM
$1,I,"Diapers Size 1 (8-14 lbs) Newborn, 198 Count - Pampers Swaddlers Disposable Baby Diapers, ONE MONTH SUPPLY (Packaging May Vary)",,Pampers,58,B07DCCP3Y1,commercial,{},,us,,us,,,$1 (assuming it represents a brand),string or none (not applicable here),,LLM
$1 dollar toys not fidgets,I,"YEAHPY 2 Pack Pops Fidget Spinner Rotatable Simple Dimple Fidget Toy, Stress Relief Anti-Anxiety Autism Hand Toys for Kids Teen Adult,Push It Bubble Handheld Mini Toy (B)","YEAHPY Rotatable Simple Dimple Fidget Toy, Stress Relief Anti-Anxiety Autism Hand Toys for Kids Teen Adult,Push Pop Bubble Handheld Mini Fidget Toy",YEAHPY,59,B091GDKH8K,commercial,{},,us,,us,,,none,toys,"dollar, price range, non-fidget, type of toy",LLM
$1 first addition charizard not fake,E,"Golden Groundhog TCG Deck Box Bundled with 100 Assorted Pokemon Cards (1 GX, EX, or V (170 HP or Higher) Ultra Rare, 2 Rares, 2 Holographics, 90 Common/Uncommons, and 5 Energy Cards)","Finally... A 100% Authentic Set of PKEMON Cards to Start or Grow Your Collection Why settle for cheap, resealed, or even potentially fake booster packs? Our genuine set of 100 PKEMON Cards will grow your collection the right way. Cards come from Assorted series & generations ranging from the base set to the newest release, making each one a surprise. Each pack is GUARANTEED to include: 1 GX, EX, or V (170 HP or Higher) Ultra Rare 2 Rares 2 Holographics 90 Common/Uncommons 5 Energy Cards 1 Golden Groundhog Deck Storage Box Battle Your Way to Victory With the addition of 100 cards, you can build new decks or use them to trade for other cards to round out your team. This assortment of cards is the perfect enhancement to your collection whether you're a new player or elite trainer. With this bundle, you'll be able to crush the competition and become a PKMN Master. Master the Art of PKMN Gifting Have a PKEMON lover in your life? You can make their day when you give them this set of Cards. It also makes the perfect birthday gift for any PKEMON fan. Each set can be broken down and divided as themed party favors. You can even create your own gift sets Packaged in a Simple Deck Storage Box for Your Convenience Pop these Cards into your bag or backpack for gaming on the go. Our Golden Groundhogs Deck Box is ideal for traveling, storing, and protecting your card set. Each box holds up to 100 playing cards.On a Quest for Quality? Then look no further All PKEMON cards are inspected by our quality assurance team with over 20 years of experience to assure they are in near mint to lightly played condition. And while we do our best to avoid it, lots may contain a small number of duplicates. Order Your 100-Pack Now Plus Stock Up for Friends Gotta Catch Em All",Golden Groundhog,60,B07DP6CZQV,informational,{},,us,,us,,,Charizard,Games,"Pokémon, card game, first addition",LLM
$1 items for men,S,"Hanes Sport Men's Pocket Shorts, Navy, X-Large",,Hanes Sport,61,B01ES40PIU,commercial,{},,us,,us,,,none,men's apparel,"items, for men, $1, price",LLM
$1 million that look real but that is not it,I,"Vinkor Flameless Candles Battery Operated Candles 4"" 5"" 6"" 7"" 8"" 9"" Set of 9 Ivory Real Wax Pillar LED Candles with 10-Key Remote and Cycling 24 Hours Timer","<b>Package Included</b> <br><br>9 x Vinkor Flameless candles(Diameter:2.2"",2 x H 4"", 2 x H 5"",2 x H 6"", 1 x H 7"", 1 x H 8"", 1 x H 9"")<br> 2 x remote controls<br> 1 x User Manual<br> <br> <b> STARTING TODAY: Replace Your Traditional Candles With The Most Elegant Flameless Flickering Candles & Enjoy Their Relaxing Effect With Peace Of Mind </b> <br><br> Do you love how calming the flame of a small candle is? <br><br> Are you always worried though about fire danger or any dangerous accident that may happen? <br><br> <b> Now You Have The Solution: Meet The Flameless Candle Set By Vinkor & Breathe New Life Into Your House </b> <br><br> Designed to exceed your expectations, this set includes 9 elegant pillar LED candles that offer a beautiful ambient touch to your dining room, bedroom or even bathroom, without posing the common threats that a real flamed candle does. <br><br> This set of 9 classy flameless flickering candles is a great alternative to traditional candles and can be used for a number of occasions. Ideal for: <br><br> Special nights, events, dinners<br> Birthday Parties<br> Christmas Decoration<br> As Bedside Table Light<br> Ambient nights in the garden, yard, camping<br> Restaurants, pubs, shops and more. <br><br> <b>A Convincingly Real Flickering Effect That Lasts </b> <br><br> Powered by 2 AA Batteries each, (NOT included) these LED pillar candles can live up to 50,000 hours, making them a way more economical solution than real candles that last up to a couple of hours before melting away. <br><br> And the best part? For your convenience these candles are easily operated through the remote control provided while they feature automatic On/Off timer function, to 2 hours/4 hours/6 hours/8 hours. <br><br> For example, set 2H at 18:00, it will automatically shutdown at 20:00. Will be automatically open at 18:00 next day, at 20:00 then automatically shut down. It will cycle every 24 hours. <br><br> <b>Don’t Squander It - Order Yours Today </b>",Vinkor,62,B07D266SGW,transactional,{},,us,,us,,,,Luxury or counterfeit goods,"high value, expensive, million dollar, look-alike, real or fake",LLM
$1 stuffed toy,E,"Jungle Friends Talking Plushie Set - for 3 Year Old & up Boy & Girl Baby, Realistic Sounding Stuffed Animal Toys Babies, Toddlers & Children - Lion, Elephant, Tiger, Zebra & Monkey - Carrier","<p><b>Afford Your Little Ones A Troupe Of Snuggle, Silky Smooth, Talkative Pals - Starting Today</b></p><p>Is a single, old teddy bear not enough to keep your little one's attention anymore?</p><p>Would you like your children to play with nothing but the best, most creative plush toys - and learn about the world at the same time?</p><p>If that's how things are, then great These jungle friends talking stuffed animals are exactly what you need</p><p><b>Hakol Premium Jungle Friends Talking Plushie Set - Realistic Sounding Stuffed Animal Toys</b></p><p>When you're a toddler or preschooler, more means better, and there's nothing more thrilling than vivid colors and exciting sounds. That's why this jungle friends talking plushie bundle is the best stuffed animal choice for your little ones</p><p>Give your little boy or girl the chance to meet a plush lion, a snuggly tiger, a cute elephant, and a cuddly monkey, and watch their little eyes light up with wonder and excitement as they find all about these stuffed animals' realistic sounds</p><p><b>Toys Crafted With Love & Care - The Toys Your Children Deserve</b></p><p>When it comes to children's toys, we firmly believe that there is no room for compromise.</p><p>All of our owl plushies and other stuffed toys are crafted with love and care, using exclusively non-toxic, BPA-free materials that are safe for you and your little one.</p><p>They are, after all, what our own children play with</p><p><b>So, What Are You Still Waiting For?</b></p><p><b>Order Your Own Hakol Premium Jungle Friends Talking Plushie Set Right Away</b></p><p><b>Just Click ""Add To Cart""</b></p>",HAKOL,63,B07PF84JDZ,commercial,{},,us,,us,,,no brand mentioned,stuffed toy,"$1 price, stuffed toy, toy",LLM
$10 amazon prime not prime wardrobe sweatpaants,S,"Hanes Girls' Big ComfortSoft EcoSmart Open Bottom Leg Sweatpants, Black, XL",,Hanes,64,B01IE1IW4M,commercial,{},,us,,us,,,Amazon,Wardrobe/Sweatpants,"Prime, $10 Deal, Non-Prime, Discounted",LLM
$10 blanket,E,"Smart Queen Kids Weighted Blanket (10 lbs, 41""x 60"", Throw Size) Perfect for 80-120 lbs Teens, Premium Glass Beads","<p><b>Use Precautions</b></p> <p>DO NOT USE ON CHILDREN UNDER THE AGE OF 3</p> <p>NEVER USE THE BLANKET TO COVER THE FACE OR HEAD</p> <p>AVOID IF YOU HAVE WEAK OR SENSITIVE JOINTS (KNEE, HIP, BACK OR JOINT PAIN)</p> <p> </p> <p><b>Product Information</b></p> <p>Size: 41x60 INCHES</p> <p>Lbs: 10 lbs</p> <p>Applicable crowd: Round 100 lbs Kids</p> <p>Material: 100% Premium Cotton</p> <p> </p> <p><b>Care Instructions</b></p> <p>1. A duvet cover is highly recommended for easy cleaning. 41x60 Inches sized weighted blanket duvet cover in market can be matched.</p> <p>2. Hand Wash: As is too heavy to hand wash, spot clean is a better choice.</p> <p>3. Hang Dry or Flat Dry</p> <p> </p> <p><b>Customer Concerns</b></p> <p>1. Too heavy</p> <p>A weighted blanket is more heavy than normal blanket. If you choose a fit size and weight based on your weight, Please give 7-10 days to adapt to this weight</p> <p> </p> <p>2. Too Small</p> <p>A weighted blanket is usually smaller than a normal blanket of the same size, which could help to concentrate the weight on your body</p> <p> </p> <p>3. Not Expected</p> <p>Once you receive your blanket, please take a moment to verify that it was not damaged in transit, if so please contact us immediately, we will solve any problem you have</p>",Smart Queen,65,B07V3MBK82,transactional,{},,us,,us,,,none,home goods or bedding,"blanket, soft, $10",LLM
$10 candles,S,"Aku Tonpa Flameless Candles Battery Operated Pillar Real Wax LED Glass Candle Sets with Remote Control Cycling 24 Hours Timer, 8"" 10"" 12"" Pack of 3","<b>Package Included</b><br> - 1 x LED Candles (Size: D 3"" x H 8"")<br> - 1 x LED Candles (Size: D 3"" x H 10"")<br> - 1 x LED Candles (Size: D 3"" x H 12"")<br> - 1 x Remote Control<br> - 1 x User Manual<br> <br> <b>Real Flame-effect Candles</b><br> These flickering candles are so realistic that practically indistinguishable from traditional burning candles.<br> Flame simulation technology makes the candles flicker, brings the most realistic experience to any room.<br> <br> <b>Real Wax & Elegant Design</b><br> The candle shell is made from paraffin wax, however there is no burning wick, smoke or messy dripping wax. They are perfect for places like bookshelves and bedrooms.<br> Smooth finish, classic ivory color and elegant design, use the Real Flame-effect Candles in locations where you would use real candles.<br> <br> <b>How to illuminating the Candle</b><br> Move the OFF-ON switch on the bottom to ON. The candle will illuminate until you manually move the switch to OFF.<br> ON-OFF button: Illuminating the Candle On=Off (Note:Before you use the Remote Control, switch the ON-OFF button to ON at the bottom of the LED candles).<br> TIMER: set On/Off Automatic Time feature, set to 2Hours/4Hours/6Hours/8Hours. <br>Mode: Candle-Flickering Lights; Light-Non-Flickering Lights.<br> Brightness Control: Left button to lower the brightness Right button to increase brightness.<br> <br> <b>More Tips:</b><br> 1. This candle is made of real wax and is flammable. Do not attempt to light this candle.<br> 2. <b>Keep out of direct sunlight, away from heat sources and out of extreme temperatures or your candle may soften or melt.</b><br> 3. Constant use of the timer however may considerably reduce battery life.<br>4. Please place the candle in an environment between - 5 and 50 degrees. Below five degrees below zero, the wax will crack, Above 50 degrees, the wax will melt.",AKU TONPA,66,B07Z52TYMZ,commercial,{},,us,,us,,,none,candles and home decor,"price, $10, candles",LLM
$10 credit not given on purchase on prime day,I,Gagster Upgraded Spider Prank Box - Fake Spider & Wooden Box Gag Gift for Kids - Joke Gift Box Packaging Adds to The Suspense - Unique Prank Toy - Always Startling,SpiderBox Prank Spider Box And Prank Package,Gagster,67,B088GQDVBD,transactional,{},,us,,us,,,Amazon,dispute/complaint,"$10 credit, not given, on purchase, on Prime Day, complaint or dispute about Prime Day",LLM
$10 gold eagle,E,2020 1/4 oz Gold American Eagle MS-70 NGC (Early Releases) by CoinFolio $10 MS70 NGC,This 2020 $10 American Gold Eagles is graded an MS70. The high point details stand out fantastically against the pristine fields. These Gold Eagle coins are certain to please even the most discerning numismatist or Gold collector.,,68,B089NL8GR3,transactional,{},,us,,us,,,American Eagle (coined by US Mint),coin collection,"gold, US coin, eagle design, price: $10",LLM
$10 lol literally not gonna change baby pet lol,I,"L.O.L Surprise 560296 L.O.L Sparkle Series con Acabado Brillante y 7 sorpresas, Multi",,L.O.L. Surprise!,69,B07PQVRPR1,transactional,{},,us,,us,,,none,pet accessories,"affordable, price-sensitive, informal, baby-related",LLM
$10 magnetic eyelashes without eyeliner,S,"EARLLER 10 Pairs Magnetic Eyelashes with Eyeliner Kit, Natural Look and Fluffy Volume Faux Mink False Lashes - Easy to Apply and No Glue Needed, Reusable Short and Long Lashes Set",,Earller,70,B08RXYMX1Y,transactional,{},,us,,us,,,none,beauty and cosmetics,"magnetic eyelashes, eyeliner-free",LLM
$10 stuff not books,I,"How to Draw Anime (Includes Anime, Manga and Chibi) Part 1 Drawing Anime Faces","<h1>How to draw Anime</h1> <br><p>Learn to draw Anime today with one of the best how to draw Anime book currently on Amazon.</p> <br><h2>Learn to Draw Anime</h2> <br> <br><p>Does your child, tween, or teen love Anime and drawing Anime? This book will teach them in an easy way how to draw Anime of all kinds. It starts with the basics and teaches them step by step the process of drawing Anime in a fun way.</p><p> <br>This book will teach your child how to draw, step by step, with the easiest approach possible...by using simple shapes. Each tutorial makes learning how to draw Anime as simple as possible.</p><p> <br>Joseph Stevenson has been teaching kids how to draw for almost ten years now, and his drawing techniques really work With this no-tears strategy, learning how to draw is fun for children as young as 5 years old, but also works for adults and teens. Learning to draw Anime is fun for kids, but even more fun when it comes easy to them.</p><p> <br>This book does just that...makes drawing fun and easy for everyone. This book will turn your child into the artist that he or she wants to be. Each animal drawing lesson is a step by step process. Each tutorial is broken down into the simplest of steps that can be followed by most people.</p><p> <br>This book is for both boys and girls, and is good for kids of most age ranges, but is best for kids aged 9-12 - but if your kids are 7, 8, 9, 10, 11, 12, 13, 14, 15, 16, etc, they will all have fun trying these drawing tutorials out. Have fun drawing the day away</p><p> <br> <br>Find detailed instructions inside on how to draw:</p><p> <br>Anime<br /> <br>Manga<br /> <br>Chibi<br /> <br>Anime Eyes<br /> <br>Anime Hair<br /> <br>Anime Girls<br /> <br>Anime Boys<br /> <br>Manga Girls<br /> <br> and many more<br /> <br> <br></p><p>Learn how to draw Anime with step by step guides. You will learn to draw Anime using shapes, templates, lines and many more. Some Anime are easy and others are harder. Great for yourself or as a gift</p> <br> <br><h2>Frequently Asked Questions</h2> <br> <br><p><strong>How Long Will it Take to Learn to Draw Anime?</strong></p> <br> <br><p>Student’s abilities are different and learning to draw Anime can take some time. We have found though with daily practice that most students can learn to draw Anime within 1 - 2 months of starting with our learn to draw Anime book.</p> <br> <br><p>What drawing tools will I need?</strong></p> <br> <br><p>We recommend a set of colored pencils and a drawing pad. However learning to draw can be done with a basic pencil and copy paper as well. If you are just getting started we would suggest getting basic tools to make sure you enjoy drawing first.</p> <br> <br><p>Is this book for beginners or advanced artists?</strong></p> <br> <br><p>This book will be a great tool for beginners or advanced artists looking to get better at drawing Anime. The drawings do have some detail to them but that is always on the last step making it easy for beginner students to start out with the simpler version and then work to get better at the advanced versions.</p> <br> <br><p>Are there any other books I can buy that will help me?</strong></p> <br> <br><p>Yes Joseph Stevenson has multiple books on how to draw everything from Anime to people. You can find all of Joseph’s books on Amazon or other major bookstores.",,71,B086HWVY1M,transactional,{},,us,,us,,,none,unknown,"under $10, non-book item",LLM
$100 things that are not electronics,I,"ILC RGB LED Light Bulb, Color Changing Light Bulb, 40W Equivalent, 450LM, 2700K Warm White 5W E26 Screw Base RGBW, Flood Light Bulb- 12 Color Choices - Timing Infrared Remote Control (4 Pack)","<p>High quality standards and friendly customer services:<b> 2-year-warranty and 90-day-refund guarantee</b>. <b>If you have any question or get defective lights, please contact us customer service center, we will give the solution within 12 hours.<br> </b><br> <b>Features:<br> </b><br> <b>Multifunctional light bulb:<br> </b>LED RGB with remote control, colour-changing lights, brightness adjustment and 270-degree light bulb.<br> <br> <b>Anytime atmosphere setting:<br> </b>12 top favourite colour with Flash and Smooth modes.<br> b.Flash mode and Smooth mode gives you a stage effect when enjoy concert or stage performances.<br> <br> <b>Light assistance:<br> </b>The light has brightness that equivalent to 100% brightness 40W incandescent. Not only higher brightness, but also 3 levels adjustment is provided.<br> <br> <b>A better light solution:<br></b>Wall Switch Control Support: it remembers the last static colour or dynamic mode you used and stores the last set colour<br> <br> <b>Must-have Timing function:<br> </b>you can set the hours you want to turn off the light. Cycle timing of (24 hours) is another surprise timing option. We can install the light in the courtyard, the court and the corridor, and set the cycle time (24 hours).<br> </p><p> </p><p> </p><p> </p><p> </p><p> </p><p> </p><p> </p><p><b>Technical Parameters:</b></p><p> </p><p> </p><p> </p><p> </p><p> </p><p> </p><p> </p><p>Power: 5 Watts<br> Input Voltage: 85-265V Universal<br> Brightness: 450 LM<br> Color temperature: 2700K<br> National Radio: > 80<br> Beam angle: 270°</p><p> </p><p> </p><p> </p><p> </p><p> </p><p> </p><p> </p><p><br> <b>What you get:<br> </b>light bulb x4<br> Remote control x2<br> iLC User manual x1<br> 2-year-warranty and 90-day-refund guarantee<br> </p>",ILC,72,B07F3X9Y98,informational,{},,us,,us,,,none,products,"things, $100, non-electronics",LLM
$11 fidget please just please $11 not 25 not,I,Flashing Cube Electronic Memory & Brain Game | 4-in-1 Handheld Game for Kids | STEM Toy for Kids Boys and Girls | Fun Gift Toy for Kids Ages 6-12 Years Old,"<b> Challenge your brains and fingers with FlashDash by Winning Fingers </b><br> Learn to play the world’s greatest electronic cube game FlashDash offers 4 exciting, fast-paced games <br> based on flashing lights that test (and improve) your memory and speed. <br><br> <b> Game 1 - Follow Me: </b> Study the color and location of 3 lights on the front panel of the FlashDash. <br> Then, rotate the cube quickly to find the matching light panel and press the coordinating buttons. <br> <b> Game 2 – Chase Me: </b> A blue light followed by a red light will dash all over the cube handheld <br> game. Make sure not to let ‘em out of sight Chase the red light by pressing the buttons as they light up <br> while rotating the cube to stay on course. <br> <b> Game 3 – Catch Me: </b> A fun adventure game that will keep you coming back for more “Catch” <br> the red lights by pressing the buttons, but be careful to avoid the green lights Blue lights give you bonus <br> points, so try to catch ‘em as well. <br> <b> Game 4 – Remember Me: </b> If you love Simon Says, you’ll love Remember Me Watch the <br> flashing lights and memorize the sequence. Then, repeat the sequence by pressing the correct buttons. <br> Each round adds another button to the sequence. <br> <b> Light Show Mode: </b> Enjoy a fun display of flashing lights and patterns when you press the <br> Light Show button <br> <b> Adjustable Volume: </b> Fun sound effects that accompany each game can be turned high, low, or <br> off to suit every kind of setting. <b> Ideal Travel Game: </b> Time will pass too quickly when you bring along this action-packed game console on <br> long road trips and plane flights. <br> <b> High Quality Build: </b> At Little Fingers, we",Winning Fingers,73,B07YSVBYHW,transactional,{},,us,,us,,,none,novelty/gadgets,"price-sensitive, fidget related, $11 price point, comparing to alternative price point",LLM
$12 label maker that’s not a cheap one,I,"Nespresso Capsules Vertuo, Double Espresso Scuro, Dark Roast Espresso Coffee, 30 Count Coffee Pods, Brews 2.7 Ounce",,Nespresso,74,B07M8YV12G,transactional,{},,us,,us,,,none,label maker,"$12 price point, not a cheap one, specific quality level",LLM
$13 bb guns without a yellow tube,S,Daisy Powerline 426 Air Pistol,,Daisy,75,B01B79P1SI,commercial,{},,us,,us,,,,bb guns,"price: $13, yellow tube: absence, bb guns: type",LLM
$13 fidget toys without paying for delivery,E,"46 Pack Sensory Fidget Toys Set with Gift Box, Stress Relief and Anti-Anxiety Bulk for Kids Teens and Adults, Hand Toy for Office Desk Decor, School Classroom Prizes, Travel Long Trip Stuff, Autism","PLEASE KEEP AWAY FROM KIDS AGE 3 AND BELOW. KEEP AWAY FROM PETS.<br> NOTE: <br> These toys are made of durable PVC plastic and glass as well as child safe silicone.<br> <br> 46 Piece of sensory toys in total: <br> 12 Funny Sticker<br> 1 Wacky Tracks<br> 2 Maze Toys<br> 2 Jumping Launchers Toy<br> 2 Squeeze Foam Basketball & Football<br> 1 Water Bead Stress Balls<br> 1 Squeeze Grape Ball<br> 1 Magic Cube<br> 1 Squeeze-a-Bean Soybeans<br> 2 Puzzle Ball<br> 3 Mochi Squishies Toys<br> 2 Coil Springs Toys<br> 4 Fidget Spinners<br> 5 Marble and Mesh fidgets<br> 1 Liquid Motion Timer<br> 6 Stretchy Strings<br> Quiet And Portable Toys You Can Bring Anywhere：<br> The toys don’t make any sound and are great to bring to school, office, restaurant, during counselling, camping trips, road trips, and even in the hospital<br> Students And Professionals：<br> Works wonders in improving focus, relieve stress, combat anxiety, or to simply pass time and control kids with tantrums and boredom while they are staying indoors.<br> Multipurpose Gift：<br> Amazing gifts that are very portable and can be played everywhere such as the library, schools, classrooms, offices, in the car, bus or plane. Because of the small size, these are great travel toys and can fit in small pockets, purses and bag slots. Moreover, these can be used as party favors or as party activities and as also great as a prize or incentive.<br> A Bundle of Fun：<br> These toys can be played, squeezed, stretched, flipped, pressed, and more. Great for all ages and can be brought anywhere. It helps redirect unconscious habits such as leg shaking, knuckle cracking, nail-biting, hair twirling, and others. These are child-friendly but also fits professionals<br>",LESUTER TOYS,76,B089MPM1JP,transactional,{},,us,,us,,,none,fidget toys,"without paying for delivery, $13, fidget toys",LLM
$139 one cup cousy not coffee maker,I,"Mueller Single Serve Pod Compatible Coffee Maker Machine With 4 Brew Sizes, Rapid Brew Technology with Large Removable 48 oz Water Tank","Mueller Single Cup Coffee Maker Brewer Machine always provides you fresh and delicious coffee no matter where you are. Compatible with most pods. Removable Drip Tray, Auto Shut-Off, Cool Touch Exterior and 4 different brewing options.",Mueller Austria,77,B07PYPX7M9,transactional,{},,us,,us,,,none,kitchen appliances/equipment or food,"price (under $139), capacity (one cup), product type (cousy, not coffee maker)",LLM
$15 doller bb guns not spring powered,E,Umarex 2252109 Brodax Air Pistol .177 BB,,Umarex,78,B01BU2ETGW,transactional,{},,us,,us,,,BB Guns,Toy/Outdoor,"price ($15), type (doller), power type (not spring powered)",LLM
$15 fidget pack without the pea poppet,E,"Stress Relief Fidget Toys Pack, Fidget Toys Set with Push Pop Bubble Simple Dimple,Decompression Fidgets with Infinite Cube,Fidget Toy Gifts That Easy to Carry for Kids","HooyYiiok Stress Relief Fidget Toys Pack, Fidget Toys Set with Push Pop Bubble Simple Dimple,Decompression Fidgets with Infinite Cube,Fidget Toy Gifts That Easy to Carry for Kids<br><br> 1*Infinite cube, 1*us Simple Dimple Toy, 1*Flippy Chain, 1*Stress Ball, 1*Multifunctional fidget toys, 2*Wacky Tracks, 2*Squeeze-a-Bean, 3*Stretchy String, 3*Mesh and Marble Sensory Toys, 5*Finger Ring. (Random colors of some products)",HooYiiok,79,B091CHD1VV,transactional,{},,us,,us,,,none,fidget pack or novelty toys,"price $15, item type fidget pack, no pea popper or specific feature exclusion",LLM
$150 laptop not previews,E,Acer (エイサー) Aspire 5 スリム ノートパソコン 15.6インチ フルHD IPS ディスプレイ AMD(アドバンスト・マイクロ・デバイセズ) Ryzen(ライゼン) 3 3200U (日本語配列ではない場合があります),9999,SHINEZONE,80,B07RF1XD36,informational,{},,us,,us,,,none,laptop,,Rule-based
$175 gram led frisbee gram not dollar,I,"36 Bulk 7"" Low-Cost Colorful Plastic Flying Discs or Party Plates - Ideal for Birthday Parties, Beach Days and Luaus, Crafting and DIY Projects","7"" Plastic Frisbee Throwing Discs Ideal Summer Fun Perfect as Party Favors, Beach Toys, Ultimate Frisbee, Church Events, Company Picnics, Labor Day BBQs, and much More Even use them as crafts - Use markers and stickers to bling these babies out 7"" Diameter. Not Suitable for Dogs - Plastic is flexible but not indestructible. These discs are for fun and will certainly fly but if you are looking for a pro quality disc please consider other items.",Funiverse,81,B07JQG42FJ,transactional,{},,us,,us,,,none,frisbee,"gram led, price ($175), non-monetary unit (gram)",LLM
$2 pop tube not a pack,I,"LIEASYKE 2 Pcs Mini Push pop Bubble Fidget Toys - Stress Relief Hand Toys Keychain Toy, Soft Silicone Stress Reliever Office Desk Toy for Kids Adults (Tie dye red & Blue)","<p>Mini Stress Relief Keychain</p> <p><br></p> <p></p> <p>Color: Tie Dye Red & Blue</p> <p>Style: Love shape</p> <p>Material: Silicone</p> <p>Weight: 41.8g/ 2 pcs</p> <p>Product size: 8cm *7cm</p> <p>Package include: 2 x mini Stress Reliever</p> <p><br></p> <p></p> <p>1.Mini push pop it fidget toys bubble sensory fidget toy autism special needs stress reliever-great for the old and the young or kids.</p> <p>2. It is very small and light weight, it can be hung on your body with the key, you can take it out to play at any time.</p> <p>3.Endless Fun: Just press the mouse bubbles down and they make a slight popping sound; then flip it over and start again Endlessly reusable and washable, too.</p> <p>4.It is suitable as a schoolbag pendant, a Mother's Day gift/birthday gift/Halloween gift/Christmas gift for friends, family, children, colleagues.</p> <p>5.Silicone Material: Made of high-grade Silicone materials, safe and non-toxic, Parents can rest assured, to buy for your children.</p>",LIEASYKE,82,B095GFZM9Y,informational,{},,us,,us,,,Dental or Oral Care,Toothpaste or Mouthwash,"$2, pop tube, not a pack",LLM
$20 not credible dog pool rectangular,I,"Clorox Pool&Spa 12105CLX pH Down, 5 lb",,Clorox,83,B084GPS6KR,transactional,{},,us,,us,,,none,pool or accessories,"price ($20), not credible, dog pool, rectangular",LLM
$20 off for amazon app not applied,I,"MINGER LED Strip Lights 16.4ft, RGB Color Changing LED Lights for Home, Kitchen, Room, Bedroom, Dorm Room, Bar, with IR Remote Control, 5050 LEDs, DIY Mode",,MINGER,84,B07JP5375R,transactional,{},,us,,us,,,Amazon,shopping/e-commerce,"discount, coupon/promotion, not applied",LLM
$20 rectangular not inflatable pool 26 i,I,"10ft Full-Sized Inflatable Swimming Pool, Upgraded 0.4mm Thicker Rectangular Family Lounge Pools, Outdoor Backyard Water Play Blow Up Above Ground Pools for Adults, Kiddie, Kids",URROY 10ft Inflatable Swimming Pool,URROY,85,B08RS7HM7X,transactional,{},,us,,us,,,none,swimming pool,"rectangular, non-inflatable, price range ($20), pool size (26 in/ft?)",LLM
$20 vr headset without controller,S,"Peiloh VR Headset Compatible with 4.7-6.3 inch iPhone and Android, Virtual Reality Headset with Wireless Headphones 3D VR Glasses Goggles for IMAX Movies & Cardboard Games, Soft & Comfortable","<p><strong><em>IMMERSIVE VISUAL EXPERIENCE</em></strong></p><p><br></p><p><strong>Every day you get to work and get off work, eat and sleep, Do you get tired of boring life, now it’s time to add some passion to your life.</strong></p><p><strong>Peiloh VR Headset is a truly remarkable video, movie, game assistant. 360°Panoramic wide view, giant screen visual feast, aspheric optical lens, Shocking IMAX effect, With premium built-in 3D surrounding stereo headphones, you can easily turn your cellphone into a private 360° viewing 3D IMAX cinema, ride on virtual rollercoasters, virtual game world, put yourself right into the scene in a second, start your great immersive journey in <em>the unlimited virtual reality anytime you want.</em></strong></p><p><br></p><p><strong><em>HOW to USE</em></strong></p><p><br></p><p><strong>1. Turn on your phone's Bluetooth to search and pair with the VR. After the name of the vr is displayed on the search bar, tap it to enter the connection bar.（The place where the phone is placed can be adjusted. You can adjust it to fit your phone. The VR is suitable for 4.7- 6.2"", full-screen 6.5inch Cellphone）</strong></p><p><strong>2.Open the cover plate ,put your cell phone into the VR headsets, make sure the cell phone screen is in the middle, then close the cover, Adjust the screen to the right direction.</strong></p><p><br></p><p><strong>Product Feature:</strong></p><p>Wireless Stereo Headphones</p><p>Foldable Design, Lightweight.</p><p>Breathable Foam Face for Extended Wear.</p><p>Comfortable and Adjustable Head Straps.</p><p>52mm Hyperboloid Anti-blue Lens</p><p>Eyesight Protection & Eyesight Adjustment.</p><p>Supports Screen Resolutions: HD, 1080p, 2K, 4K.</p><p>Support iPhone and Android Phones.(Screen Size: 4.6”- 6.5”).</p><p><br></p><p><strong>Package Included:</strong></p><p>Wireless VR Headset,USB Charge Cable,User Manual,Cleaning Cloth</p><p><br></p><p><br></p><p><br></p><p><br></p>",Peiloh,86,B08XX3YHJB,commercial,{},,us,,us,,,none,Electronic Gadgets/Virtual Reality (VR) Headsets,"price: $20, accessories: without controller",LLM
$230 pool for outdoors not plastic,I,"Splash Pad Water Toy Sprinkler Mat Pool for Kids Toddlers 68"" Outdoor Summer Toys Kiddie Baby Swimming Pools - Fun Backyard Trampoline Lawn Games Infant Wading Pool Slide, Water Play for Ages 1 - 12","The Zen Laboratory splash pad water sprinkler outdoor toys swimming kiddie pool for kids toddlers isn't your standard baby swimming pool. It's a 68"" water park in your backyard Hook it up to the hose and your yard will be the envy of the neighborhood next summer. This sprinkler for kids age 2-4 inflatable pool, inflatable pool above ground swimming pool, pool toys, kids baby pool, dog pool games, pool floaties toys for adults teens, pool for kids, toddler pool baby float, small pool toys for kids ages 4-8. Outdoor pool fun for the family and pets. trampoline sprinklerwater sprinkler for kids trampoline water sprinkler, fun sprinkler toy for big splash play mat. Sprinkler pool for kids outdoor play is overflowing with learning, fun and some quality bonding time for you, your babies, infants, children and your toddlers. Complete with child-friendly features and a whopping 68"" diameter, you and your kiddos can safely splash in the comfort of your own backyard. Great for those 1 year old, 2 year old and 3 year old kiddos who love the water, but aren't quite big enough to swim <br> <br> Spending time outside is the perfect getaway from all of today's technology that robs your children of their creativity Take this precious time outdoors to teach your child about the world without any digital distractions. It's a proven fact that time spent in the sun promotes both the mental and physical development of your child When girls and boys learn through play, they experience social and cognitive as well as emotional growth <br> <br> Build precious memories with your little one's in an environment that you know is safe. Zen Laboratory in a proud USA company that prides itself in educational toys that are both safe and fun. Wether your kiddos call it a water table, splash pad, inflatable pool or a sprinkler, you'll rest easy knowing not only is it both BPA and phthalates free, but it's also one of the safest (and exciting) alternatives to your traditional baby pool.",Zen Laboratory,87,B082WXCM5W,commercial,{},,us,,us,,,none,outdoor furniture or pool equipment,"price: $230, pool type: for outdoors, material: not plastic",LLM
$25 apple gift card not email,S,Best Buy Gift Card $100,,Best Buy,88,B07RQ9VFN6,commercial,{},,us,,us,,,Apple,Gift Card,"Apple, Gift Card, Physical/In-person availability preferred, Non-email delivery preferred",LLM
$25 ceiling fan without lights,I,"Ceiling Fan with Lights,Enclosed Low Profile Fan Light,LED 72W Remote Control Dimming 3-Color 3-level wind speed,Ceiling Light with Fan,Adjustable Wind,Hidden Electric Fan delier-White, 18 ln (Modern)","Specification<br> -Name: Hollow out ceiling fan with lights and remote control<br> -size：20.5*20.5*9.8 Inch<br> -Material: Acrylic<br> -Blade Material: ABS<br> -Number of Blades: 5<br> -Type of Light Source: LED<br> -Timing Function: Yes<br> -Voltage: 110v<br> -Lights Power: 72w(Max)<br> -Size: diameter 18Inches*high 8Inches<br> -Applications: Bedroom, Dining room, study room, office, foyer, etc<br> -Device luminous flux (about): 6400lm (lumen) ( 100% lighting) <br> Forward rotation (downward wind) <br> Packaging:<br> 1 * Ceiling fan with light,<br> 1 * Remote control(without batteries),<br> 1 * Instruction book.<br> WARM TIPS:<br> 1. Please install according to the instructions when installing.<br> 2. We suggest you ask a professional technician for help if you are not good at installing<br> ★Welcome to our store to learn more products.<br> ★If you have any questions, please email us, we will reply in 24 hours.<br>",N/N,89,B08HQHNTSG,transactional,{},,us,,us,,,none,ceiling fan,"price under $25, ceiling fan with lights not required, ceiling fan without lights option",LLM
$25 katana swords not real,E,"Sword Fort Handmade Katana Japanese Cosplay Anime Swords,Samurai Sword, Sharp Knife , Roronoa Zoro Sword, Shusui",,Sword fort,90,B089KDQP5H,informational,{},,us,,us,,,none,kayak/sports,"price, product authenticity",LLM
$25 xbox gift card not digital,S,$60 Xbox Gift Card [Digital Code],,Microsoft,91,B00F4CFBUS,transactional,{},,us,,us,,,Xbox,gift card,"non-digital, physical, $25, price",LLM
$275 airsoft guns,E,Double Eagle A&N 275FPS P169 1911 Airsoft Hand Gun Full Size Spring Pistol w 6mm BBS BB Fantastic Starter Airsoft Pistol Government .45,"<p>This is a fantastic starter airsoft pistol perfect for playing at home. </p> <p>The gun has high velocity of 300 feet per second and is accurate to around 100 feet.</p> <p>As always make sure proper safety equipment is used while playing with this gun, it is powerful and will cause damage if not used properly. </p>",Double Eagle,92,B07S8QWWTP,transactional,{},,us,,us,,,"Airsoft guns' manufacturers are various, but no specific brand is mentioned","Guns or Airsoft guns, but no specific category (e.g. replica, pistol, rifle)","Price: $275, Type: Airsoft guns",LLM
$3 nail tips without tax,E,Clear Nail Tips Acrylic Nails - French Nail Tip Ejiubas 500PCS Fake Nails Half Cover False Nails 10 Sizes with Case for Nail Salon and DIY Nail Art,"10 different sizes Nail Tips (half nails) The clear nail tips are made with high quality ABS material, which is sturdy and durable enough to last about 2 weeks. What's more, ABS is a kind of healthy and friendly material, no smell and no toxic to your body or your nails, providing you a safe and comfortable nail doing experience. Can add nail art decorations on the nails and design your own style and pattern Great for Both Professional Nail Specialist or Nail Art Learner. manageable for even a novice to the pointed nail craze.",Ejiubas,93,B07W92SMN9,transactional,{},,us,,us,,,,beauty/nail care,"nail tips, price less than or equal to $3, without tax",LLM
$30 roblox gift card not digital,E,Roblox Gift Card - 2000 Robux [Includes Exclusive Virtual Item] [Online Game Code],,Roblox,94,B07RX6FBFR,transactional,{},,us,,us,,,Roblox,gaming,"roblox, gift card, price $30, not digital, physical product",LLM
$35 bay casting left handed pole that does not do backlash,I,BAWLS Guarana 10oz 12pack,,Bawls,95,B00UI16QO0,transactional,{},,us,,us,,,none,fishing gear,"casting left handed, bay, pole, backlash issues",LLM
$3what can you buy without siri dollar toy,I,"LEGO Disney Raya and Sisu Dragon 43184; A Unique Toy and Building Kit; Best for Kids Who Like Stories with Dragons and Adventuring with Strong Disney Characters, New 2021 (216 Pieces)",,LEGO,96,B08NFBNCRG,commercial,{},,us,,us,,,none,dollar toys or dollar store products,"buy, without siri, $3",LLM
$4 worthy items not books,I,"HAUTOCO 12PCS A6 Size Binder Pockets with Label Pocket, PVC Cash Budget Zipper Envelopes 6-Holes Binder Pouches Folders for A6 6-Ring Notebook Binder","<b>Package includes:</b><br> 12 x A6 loose-leaf zip pocket with label pocket<br><br> <b>Specification:</b><br> <b>Quantity: </b>12 pcs<br> <b>Material: </b>PVC<br> <b>Size: </b>4.21 x 7 inches (10.7 x 17.7cm)<br><br> Multifunctional A6 Organizer Bag Set: work for A6 planners, notebooks, and 6-ring binder; <br>can hold stamps, coupon, credit cards, paper clips, receipts, business cards, photos, and other miscellaneous items.",HAUTOCO,97,B08P4KZYVQ,informational,{},,us,,us,,,none,"items, products","worth $4, not books, price range, product type",LLM
$40 bean bag chair for adults with bean not included,S,"Unicorn Stuffed Animal Toy Storage, Kids Bean Bag Chair Cover Only, Velvet Extra Soft Stuffed Organization Replace Mesh Toy Hammock for Kids Blankets Towels Clothes Home Supplies Pink","<b>Perfect gift for children,Treasure up your child's best memories</b><br> For many little kids, stuffed animals toys always be the best friend who accompany them grow up, and these would become their precious memories. As children’s stuffed animals can easily take over their bed, bedroom, and playroom, parents alway get tired of cleaning up. Now,you find a solution on how to put away your child’s stuffed animal in a useful way and keep your child's best memories<br> It is a durable and comfortable bag, which can be full of many stuffed animals toys. Designed especially for your needs, saving space, clean up your almost all house items to avoid messing.<p> <b>More durable</b><br> High quality thicker velvet fabrics, metal pull heads zipper and reinforced stitching, braving everything from your children's energetic play to the occasional spill,support they drag them all over the house and sit, stand, lay and flop all over them. Easy to use and clean, machine washable.<p> <b>Comfort support</b><br> When the bag getting full,it looks like adding a cuddly toy bean bag chair on the room and the kids can really stretch out and relax on it. Sitting on it with a good book,now enjoy your story time.<p> <b>Warm companionship</b><br> Whenever you return home, this unicorn stuffed animal is there waiting for you and give you a warm place to rest and relax.",Yoweenton,98,B07PT8M8SX,commercial,{},,us,,us,,,none,furniture/bean bag,"$40, for adults, with bean not included",LLM
$44red ' phone without having to pay production,I,$200 Visa Gift Card (plus $6.95 Purchase Fee),,Visa,99,B07HJD9FVV,transactional,{},,us,,us,,,Apple (implied by 'phone'),electronics/computing (implied by 'phone'),"price ($44 or less), color (red), feature (phone without having to pay production)",LLM
$5 items,I,"Soft Scrub In-Tank Toilet Cleaner Duo-Cubes, Alpine Fresh, 2 Count",,Soft Scrub,100,B079HXXP4T,transactional,{},,us,,us,,,none,none,"$5, items",LLM
$50 gifts for men,E,1971 50th Birthday Gifts Men Women | Birthday Gift for Man Woman turning 50 | Funny 50 th Party Supplies Decorations Ideas | Fifty Year Old Bday Coffee Mug | 50 Years Gag Office Cups Presents Mens,,LiliWair,101,B084SQ8P2P,commercial,{},,us,,us,,,none,gifts for men,"$50 price range, products for men",LLM
$50 not accepted,I,"Fire 7 tablet, 7"" display, 16 GB, latest model (2019 release), Plum",,Amazon,102,B07HZQBBKL,informational,{},,us,,us,,,,Finance/Shopping,"Amount Limitation, Unaccepted Amount",LLM
